2.0,2.0,2.0,2.0,2.0,2.0,2.0,2.0,2.0,2.0,2.0,2.0,2.0,2.0,2.0,2.0,2.0,2.0,2.0,2.0,2.0,2.0,2.0,2.0,2.0,2.0,2.0,2.0,2.0,2.0,2.0,2.0,2.0,2.0,2.0,2.0,2.0,2.0,2.0,2.0,2.0,2.0,2.0,2.0,2.0,2.0,2.0,2.0,2.0,2.0,2.0,2.0,2.0,2.0,2.0,2.0,2.0,2.0,2.0,2.0,2.0,2.0,2.0,2.0,2.0,2.0,2.0,2.0,2.0,2.0,2.0,2.0,2.0,2.0,2.0,2.0,2.0,2.0,2.0,2.0,2.0,2.0,2.0,2.0,0.2646002173423767,0.744560956954956,0.6187313795089722,0.7401260137557983,0.30209457874298096,0.4639183580875397,0.5846326351165771,0.4741702377796173
2.0,2.0,2.0,2.0,2.0,2.0,2.0,2.0,2.0,2.0,2.0,2.0,2.0,2.0,2.0,2.0,2.0,2.0,2.0,2.0,2.0,2.0,2.0,2.0,2.0,2.0,2.0,2.0,2.0,2.0,2.0,2.0,2.0,2.0,2.0,2.0,2.0,2.0,2.0,2.0,2.0,2.0,2.0,2.0,2.0,2.0,2.0,2.0,2.0,2.0,2.0,2.0,2.0,2.0,2.0,2.0,2.0,2.0,2.0,2.0,2.0,2.0,2.0,2.0,2.0,2.0,2.0,2.0,2.0,2.0,2.0,2.0,2.0,2.0,2.0,2.0,2.0,2.0,2.0,2.0,2.0,2.0,2.0,2.0,0.2644960284233093,0.7532463669776917,0.6186786890029907,0.7401043772697449,0.3021247982978821,0.464205265045166,0.5852645635604858,0.47425925731658936
2.0,2.0,2.0,2.0,2.0,2.0,2.0,2.0,2.0,2.0,2.0,2.0,2.0,2.0,2.0,2.0,2.0,2.0,2.0,2.0,2.0,2.0,2.0,2.0,2.0,2.0,2.0,2.0,2.0,2.0,2.0,2.0,2.0,2.0,2.0,2.0,2.0,2.0,2.0,2.0,2.0,2.0,2.0,2.0,2.0,2.0,2.0,2.0,2.0,2.0,2.0,2.0,2.0,2.0,2.0,2.0,2.0,2.0,2.0,2.0,2.0,2.0,2.0,2.0,2.0,2.0,2.0,2.0,2.0,2.0,2.0,2.0,2.0,2.0,2.0,2.0,2.0,2.0,2.0,2.0,2.0,2.0,2.0,2.0,0.25709104537963867,0.7564964294433594,0.6193090677261353,0.7508483529090881,0.3021302819252014,0.4655095636844635,0.5866661071777344,0.476186603307724
0.30943745374679565,0.7267985343933105,0.33951202034950256,0.6981873512268066,0.3796592056751251,0.6882786154747009,0.41012483835220337,0.698927640914917,0.4248219430446625,0.7207850217819214,0.3659088611602783,0.7030317187309265,0.412306547164917,0.7356795072555542,0.39985501766204834,0.7310789227485657,0.3839365839958191,0.7208625674247742,0.3532373011112213,0.7326502203941345,0.39524662494659424,0.7628613114356995,0.3828222453594208,0.7582727074623108,0.36677706241607666,0.7499130368232727,0.3421822190284729,0.7638683915138245,0.3825201690196991,0.7906941175460815,0.37033677101135254,0.7856624126434326,0.3533404469490051,0.7767701745033264,0.333177387714386,0.7923725247383118,0.36939021944999695,0.812290608882904,0.3592379093170166,0.808254063129425,0.34266480803489685,0.8026978969573975,0.5200967192649841,0.8954325914382935,0.48234787583351135,0.8781375885009766,0.4523335099220276,0.8873186707496643,0.43390873074531555,0.9168378710746765,0.42352816462516785,0.9513556361198425,0.4913322627544403,0.9490338563919067,0.4402937591075897,0.9752005338668823,0.4461395740509033,0.948416531085968,0.4633188247680664,0.9347209334373474,0.5032421350479126,0.9778432846069336,0.45119601488113403,0.998928427696228,0.45521584153175354,0.9758204221725464,0.4720298945903778,0.9656926393508911,0.5091900825500488,0.9975368976593018,0.46369418501853943,1.0193886756896973,0.46649622917175293,1.0002754926681519,0.4828129708766937,0.9906927943229675,0.5121268630027771,1.0120400190353394,0.47847428917884827,1.034161925315857,0.4788643717765808,1.020260214805603,0.49289488792419434,1.011055588722229,0.24436350166797638,0.7519263029098511,0.6218609809875488,0.7506783604621887,0.30219852924346924,0.46440964937210083,0.5866587162017822,0.4745354652404785
0.3127664625644684,0.6711204051971436,0.3362840414047241,0.6395918130874634,0.3721872568130493,0.6231251358985901,0.3996119201183319,0.6244563460350037,0.41958555579185486,0.6346482634544373,0.3550844192504883,0.6203253865242004,0.3932383358478546,0.6504458785057068,0.3881319761276245,0.6492491364479065,0.37605318427085876,0.6356439590454102,0.3400118350982666,0.6475196480751038,0.38704097270965576,0.6818789839744568,0.3776426911354065,0.6778118014335632,0.36062052845954895,0.6647364497184753,0.33050692081451416,0.6792027354240417,0.3767140209674835,0.7086210250854492,0.3659261167049408,0.7044190764427185,0.3494131863117218,0.6941660642623901,0.3238983750343323,0.7103517651557922,0.3653717041015625,0.7345571517944336,0.35716480016708374,0.7306206226348877,0.3409905433654785,0.722607433795929,0.5156130790710449,0.8774002194404602,0.48082640767097473,0.8508571982383728,0.4518580734729767,0.8559406399726868,0.4318556785583496,0.884990930557251,0.4217904806137085,0.919442355632782,0.49345776438713074,0.9130992293357849,0.4439551830291748,0.9446243643760681,0.44363078474998474,0.9194120168685913,0.4587753117084503,0.9043315649032593,0.5015565752983093,0.946351170539856,0.4460459053516388,0.9716163277626038,0.4458785951137543,0.9462360143661499,0.4614787697792053,0.9324034452438354,0.5015110373497009,0.9717994928359985,0.45077836513519287,0.9893851280212402,0.45075568556785583,0.9665974974632263,0.4646914601325989,0.9545609951019287,0.49849194288253784,0.9895484447479248,0.45802509784698486,0.9992562532424927,0.45786428451538086,0.9808122515678406,0.46950456500053406,0.970339834690094,0.23613551259040833,0.7452747821807861,0.6242268681526184,0.7502464652061462,0.30240461230278015,0.4632609784603119,0.5865160226821899,0.47307729721069336
0.3120591938495636,0.6317627429962158,0.33604639768600464,0.5934678912162781,0.364533007144928,0.5633058547973633,0.3902705907821655,0.5526729822158813,0.41205519437789917,0.5526668429374695,0.34802189469337463,0.5477821230888367,0.3854783773422241,0.5700395703315735,0.38367486000061035,0.5836517214775085,0.3726080656051636,0.5832419395446777,0.3387908637523651,0.5759187340736389,0.37788504362106323,0.5997029542922974,0.37539371848106384,0.6080765724182129,0.36505141854286194,0.6044681668281555,0.33290648460388184,0.6063591837882996,0.36628180742263794,0.6282563209533691,0.3645709753036499,0.6351122856140137,0.3562103509902954,0.6310878992080688,0.328213632106781,0.6343691945075989,0.35531654953956604,0.65250164270401,0.3550955653190613,0.6558564305305481,0.3473111689090729,0.6514037847518921,0.5199171900749207,0.8771919012069702,0.494143545627594,0.8332666158676147,0.46097037196159363,0.8289469480514526,0.4349883198738098,0.8521450161933899,0.42124995589256287,0.8797241449356079,0.49455326795578003,0.8797023296356201,0.44185927510261536,0.9032803177833557,0.4464084506034851,0.8788238763809204,0.4643009305000305,0.8681590557098389,0.49786704778671265,0.9135986566543579,0.4454056918621063,0.9249576330184937,0.4508739113807678,0.9006868004798889,0.46914899349212646,0.896096408367157,0.49615609645843506,0.9370500445365906,0.4474999010562897,0.9442648887634277,0.4521533250808716,0.9216802716255188,0.46814385056495667,0.9159582853317261,0.49107587337493896,0.9544646143913269,0.45451852679252625,0.9575738906860352,0.4580797553062439,0.940179169178009,0.47232627868652344,0.934249997138977,0.23041336238384247,0.7429125905036926,0.6248470544815063,0.7497991919517517,0.30314818024635315,0.46168267726898193,0.5864775776863098,0.47095760703086853
0.3296225666999817,0.5712804794311523,0.34797990322113037,0.5319421887397766,0.3685550093650818,0.49242129921913147,0.3875372111797333,0.46795812249183655,0.39788538217544556,0.44388309121131897,0.3363625407218933,0.4648626148700714,0.3802294433116913,0.46321624517440796,0.3873361647129059,0.48711320757865906,0.3803871273994446,0.4977594316005707,0.3300985097885132,0.49220627546310425,0.3812146782875061,0.4942929148674011,0.38449251651763916,0.5173434615135193,0.37701234221458435,0.5235586762428284,0.3293159306049347,0.5252164602279663,0.3812556266784668,0.5256893634796143,0.37990736961364746,0.5447632074356079,0.36859267950057983,0.5511148571968079,0.3328549265861511,0.5589808225631714,0.37678980827331543,0.5575439929962158,0.37416309118270874,0.5660759210586548,0.3619433045387268,0.5684519410133362,0.4577885866165161,0.7719380855560303,0.45466822385787964,0.737606942653656,0.447482705116272,0.7141172885894775,0.4306870102882385,0.7129364013671875,0.4184017777442932,0.7335352301597595,0.4850456714630127,0.744407594203949,0.43392711877822876,0.7638370394706726,0.42628392577171326,0.7562329769134521,0.43433550000190735,0.7540209889411926,0.48641955852508545,0.7821473479270935,0.43073830008506775,0.7911323308944702,0.4278995096683502,0.7801877856254578,0.44033724069595337,0.7790833115577698,0.47924482822418213,0.8111852407455444,0.4295150935649872,0.8139340281486511,0.4270809292793274,0.8042796850204468,0.4383043646812439,0.8027851581573486,0.46770134568214417,0.8345337510108948,0.43404433131217957,0.8341647386550903,0.43253788352012634,0.8257775902748108,0.4406992793083191,0.8248025178909302,0.2297700196504593,0.7381792068481445,0.6247274279594421,0.7519875168800354,0.3034859299659729,0.4521041810512543,0.586148202419281,0.46875521540641785
0.3524600863456726,0.587546169757843,0.36378562450408936,0.5503492951393127,0.3779638409614563,0.5137897729873657,0.39591333270072937,0.4927452504634857,0.4115888476371765,0.4774961471557617,0.34381407499313354,0.49014759063720703,0.3934762179851532,0.4904969334602356,0.39796555042266846,0.5120685696601868,0.3861787021160126,0.5220301747322083,0.3379150331020355,0.5204348564147949,0.39409562945365906,0.5242091417312622,0.39440155029296875,0.5412403345108032,0.3823903799057007,0.5464578866958618,0.33923932909965515,0.555683434009552,0.3906080722808838,0.5563465356826782,0.39007213711738586,0.5693068504333496,0.37954801321029663,0.573542058467865,0.3443537950515747,0.5887262225151062,0.3845524191856384,0.5889374017715454,0.3842594623565674,0.5951314568519592,0.3740147352218628,0.59754878282547,0.45313259959220886,0.7407510876655579,0.45241376757621765,0.7083819508552551,0.44765740633010864,0.685832142829895,0.43267861008644104,0.6816761493682861,0.41917797923088074,0.6956310272216797,0.4828299283981323,0.7117528319358826,0.43478626012802124,0.7284884452819824,0.42616626620292664,0.720425546169281,0.43097636103630066,0.7175472974777222,0.4826006293296814,0.7472288608551025,0.43523505330085754,0.7565776109695435,0.42651915550231934,0.7464838027954102,0.43240341544151306,0.7449097633361816,0.47451579570770264,0.775564968585968,0.4348636269569397,0.7804978489875793,0.4242355227470398,0.7697509527206421,0.42785900831222534,0.7660170197486877,0.4619923532009125,0.7990701198577881,0.4378933310508728,0.8020610213279724,0.4306928217411041,0.794266402721405,0.43189048767089844,0.7922146916389465,0.23090580105781555,0.734629213809967,0.6223391890525818,0.7526261210441589,0.3040004074573517,0.4499412178993225,0.5861397981643677,0.4675479531288147
0.42212599515914917,0.6338666081428528,0.43782445788383484,0.6136301755905151,0.4459172785282135,0.5930951833724976,0.4495041072368622,0.5819017887115479,0.4525107741355896,0.5798835158348083,0.43161147832870483,0.6118570566177368,0.4479491114616394,0.6093990802764893,0.4732193350791931,0.615300178527832,0.49414893984794617,0.6197524666786194,0.4284670352935791,0.6419261693954468,0.4414520263671875,0.641884982585907,0.47232329845428467,0.6503418684005737,0.497547447681427,0.6570906043052673,0.42617830634117126,0.6669171452522278,0.43752312660217285,0.6672430634498596,0.4660303294658661,0.6754087805747986,0.48976925015449524,0.6822091341018677,0.42402079701423645,0.6875287890434265,0.43647873401641846,0.6912991404533386,0.45809870958328247,0.696753203868866,0.477343887090683,0.7018147706985474,0.46819648146629333,0.6451524496078491,0.4675949811935425,0.6209974884986877,0.4665652811527252,0.5932671427726746,0.458952933549881,0.5785092711448669,0.44669127464294434,0.5805413126945496,0.4993699789047241,0.6177390217781067,0.4567740857601166,0.6176959276199341,0.4511156380176544,0.60931795835495,0.4578965902328491,0.6081926226615906,0.498588889837265,0.6542394757270813,0.44650378823280334,0.6456531286239624,0.44822144508361816,0.6364949941635132,0.4616444706916809,0.6375595331192017,0.49058398604393005,0.6831803917884827,0.44024741649627686,0.672051191329956,0.44315239787101746,0.6648373603820801,0.45831170678138733,0.6653570532798767,0.47921839356422424,0.7078487873077393,0.4426010847091675,0.6971287727355957,0.44400790333747864,0.6878425478935242,0.4554520845413208,0.686577558517456,0.23220963776111603,0.73462975025177,0.6217182874679565,0.755435585975647,0.3041720390319824,0.4502423405647278,0.5862309336662292,0.46681755781173706
0.47534048557281494,0.6463091969490051,0.47113677859306335,0.6162821054458618,0.46447184681892395,0.5877220630645752,0.4556063413619995,0.5748899579048157,0.4484231770038605,0.5771932005882263,0.4942706227302551,0.616621732711792,0.4505368769168854,0.6101845502853394,0.4535963833332062,0.6136158108711243,0.4668457508087158,0.6159494519233704,0.49239489436149597,0.6492475867271423,0.44144201278686523,0.6369051933288574,0.45010659098625183,0.6422813534736633,0.46795710921287537,0.6491686105728149,0.4854125678539276,0.6775612235069275,0.4369378983974457,0.6638399362564087,0.44644635915756226,0.668205976486206,0.4636625349521637,0.6767499446868896,0.4751976430416107,0.7006955146789551,0.4401206076145172,0.6910364031791687,0.44666802883148193,0.6913774609565735,0.4621749818325043,0.6966370940208435,0.47159847617149353,0.6441196799278259,0.4709595739841461,0.6177899837493896,0.46849045157432556,0.5902831554412842,0.45929303765296936,0.5768018960952759,0.4467029273509979,0.5819961428642273,0.49797794222831726,0.6165187954902649,0.4505918025970459,0.6180410981178284,0.4520028829574585,0.6110945343971252,0.4657159447669983,0.6114088892936707,0.4973486661911011,0.6520609855651855,0.44341593980789185,0.6456632614135742,0.45036256313323975,0.6374163627624512,0.46660295128822327,0.6401236653327942,0.4897630214691162,0.6808690428733826,0.43950173258781433,0.671428918838501,0.4462684988975525,0.6654995679855347,0.46265891194343567,0.6671488285064697,0.4784186780452728,0.7059164047241211,0.4415326416492462,0.6964577436447144,0.44641607999801636,0.6892541646957397,0.4601159393787384,0.6903721690177917,0.233424574136734,0.7346404790878296,0.6212657690048218,0.7573947906494141,0.30425402522087097,0.45033004879951477,0.5864085555076599,0.4666745960712433
0.4358085095882416,0.6955482363700867,0.41837379336357117,0.6857863068580627,0.400055855512619,0.6701750159263611,0.40077200531959534,0.6538991332054138,0.41635245084762573,0.6449156999588013,0.4357645511627197,0.6994383931159973,0.4158002436161041,0.6932885050773621,0.4301143288612366,0.6978349089622498,0.44470223784446716,0.7050895094871521,0.44646862149238586,0.7030022144317627,0.42254602909088135,0.6881879568099976,0.4402524530887604,0.6918826103210449,0.4571867883205414,0.696241557598114,0.4530025124549866,0.7043465375900269,0.4282928705215454,0.6872502565383911,0.4435288906097412,0.6868569254875183,0.46012967824935913,0.6880186200141907,0.45763617753982544,0.7041965126991272,0.43765610456466675,0.6905983686447144,0.4490916430950165,0.6923440098762512,0.4659159183502197,0.6966572403907776,0.4990829527378082,0.6640195846557617,0.48699429631233215,0.6294987797737122,0.47063085436820984,0.5944935083389282,0.45694172382354736,0.5759197473526001,0.4489704370498657,0.5675069093704224,0.4927847683429718,0.5989192128181458,0.4413515031337738,0.6032760143280029,0.45002612471580505,0.6072612404823303,0.46655476093292236,0.6102942228317261,0.49512237310409546,0.6332119703292847,0.4374004006385803,0.6337347030639648,0.4506882429122925,0.6349981427192688,0.46890220046043396,0.6383412480354309,0.49183499813079834,0.6653167605400085,0.43801775574684143,0.6625211238861084,0.45086246728897095,0.6630326509475708,0.46849608421325684,0.6648076772689819,0.48469263315200806,0.6949967741966248,0.44255584478378296,0.6870877742767334,0.45235738158226013,0.6852232813835144,0.46844929456710815,0.6883446574211121,0.23200997710227966,0.7199012041091919,0.6221288442611694,0.7570653557777405,0.3074719309806824,0.44815316796302795,0.5866348147392273,0.46575310826301575
2.0,2.0,2.0,2.0,2.0,2.0,2.0,2.0,2.0,2.0,2.0,2.0,2.0,2.0,2.0,2.0,2.0,2.0,2.0,2.0,2.0,2.0,2.0,2.0,2.0,2.0,2.0,2.0,2.0,2.0,2.0,2.0,2.0,2.0,2.0,2.0,2.0,2.0,2.0,2.0,2.0,2.0,0.4981413185596466,0.6826584339141846,0.4845575988292694,0.6391510367393494,0.4679992198944092,0.6039144992828369,0.45231497287750244,0.5843806862831116,0.4407007098197937,0.5808598399162292,0.48846548795700073,0.6059099435806274,0.43694305419921875,0.6153023838996887,0.4433972239494324,0.6259870529174805,0.46022841334342957,0.6262025237083435,0.4911585748195648,0.6420441269874573,0.43396228551864624,0.6489651203155518,0.4445251226425171,0.6499130129814148,0.46048930287361145,0.6469009518623352,0.4890311360359192,0.6762251257896423,0.4337562322616577,0.6785737872123718,0.4442720413208008,0.6777403354644775,0.46106797456741333,0.6753581762313843,0.4840468466281891,0.707679033279419,0.43872517347335815,0.7053873538970947,0.4468246102333069,0.7020050287246704,0.46300041675567627,0.6993584036827087,0.23082244396209717,0.7201120257377625,0.6205266118049622,0.7588359713554382,0.3092710077762604,0.44761309027671814,0.5869134664535522,0.46576225757598877
0.3187107741832733,0.6003900766372681,0.3403027057647705,0.5646452307701111,0.36239129304885864,0.5232343673706055,0.37903404235839844,0.49648216366767883,0.3914773464202881,0.4735910892486572,0.330509215593338,0.4958348274230957,0.3756908178329468,0.49635204672813416,0.3724621534347534,0.5164284706115723,0.36050349473953247,0.5218943953514099,0.3236365020275116,0.5216561555862427,0.37538883090019226,0.5245330333709717,0.37043651938438416,0.5414894819259644,0.3575226962566376,0.5447390675544739,0.32431647181510925,0.5522348880767822,0.37529200315475464,0.5532972812652588,0.369060754776001,0.5676389336585999,0.3556162714958191,0.5705743432044983,0.32986247539520264,0.5825654864311218,0.37344735860824585,0.5806965231895447,0.3673977851867676,0.590091347694397,0.3531040847301483,0.5916112661361694,0.4794428050518036,0.705417275428772,0.47173598408699036,0.6633899807929993,0.45184263586997986,0.6302974820137024,0.4313296675682068,0.6165041923522949,0.4156833291053772,0.6200332045555115,0.4666286110877991,0.64295494556427,0.4130665063858032,0.6544433236122131,0.42031165957450867,0.6625229716300964,0.4366379678249359,0.6609057784080505,0.46743500232696533,0.6789318919181824,0.41201913356781006,0.6880474090576172,0.424166202545166,0.6872321963310242,0.4395981729030609,0.6839402914047241,0.46444129943847656,0.7107087969779968,0.41523706912994385,0.7170010805130005,0.42704856395721436,0.7124476432800293,0.44258415699005127,0.7090933918952942,0.4603254497051239,0.7390499114990234,0.4213903546333313,0.7389075756072998,0.4299153983592987,0.7345215082168579,0.44371098279953003,0.7322909235954285,0.22576706111431122,0.7125536799430847,0.6206027269363403,0.7585932612419128,0.31108537316322327,0.4475135803222656,0.5867990255355835,0.46576225757598877
0.33170410990715027,0.5543419718742371,0.34866613149642944,0.5154701471328735,0.3620764911174774,0.47235605120658875,0.37512820959091187,0.44244909286499023,0.3834728002548218,0.4151931703090668,0.3273443579673767,0.444178968667984,0.3695293664932251,0.4363916218280792,0.38033854961395264,0.4614677131175995,0.37636807560920715,0.47599345445632935,0.32200029492378235,0.46794167160987854,0.3719974160194397,0.464407742023468,0.3797719478607178,0.48875367641448975,0.373399019241333,0.5004122257232666,0.32282108068466187,0.498573899269104,0.3726460337638855,0.49343353509902954,0.3758712112903595,0.5138038396835327,0.3663957417011261,0.5229797959327698,0.32840219140052795,0.5297365188598633,0.3715441823005676,0.523097038269043,0.3756881058216095,0.5349973440170288,0.3684975802898407,0.5412818789482117,0.47752249240875244,0.6963229179382324,0.46895894408226013,0.6518094539642334,0.45058906078338623,0.6180016398429871,0.42900192737579346,0.6059014201164246,0.41091209650039673,0.6101607084274292,0.46391984820365906,0.6407907009124756,0.4097006022930145,0.6399856805801392,0.42104172706604004,0.6423854827880859,0.4369819760322571,0.6439085602760315,0.463305801153183,0.6773797869682312,0.40463006496429443,0.672578752040863,0.4180305004119873,0.6713986992835999,0.4346376657485962,0.6754259467124939,0.4589449465274811,0.7090917229652405,0.4040916860103607,0.7005882263183594,0.4166266620159149,0.6992294192314148,0.43339788913726807,0.7019143104553223,0.4520512521266937,0.7367526888847351,0.40992969274520874,0.7273558378219604,0.4190247058868408,0.7229291200637817,0.43345847725868225,0.7251332402229309,0.22501282393932343,0.712960422039032,0.6199426054954529,0.7584009766578674,0.3114357888698578,0.44256865978240967,0.5853768587112427,0.4647161662578583
0.3583665192127228,0.5699683427810669,0.3675432801246643,0.530070424079895,0.37755826115608215,0.48696422576904297,0.39445024728775024,0.4602380394935608,0.4120163917541504,0.4448314309120178,0.34804508090019226,0.46659085154533386,0.3984377384185791,0.4639546275138855,0.40257009863853455,0.4905022382736206,0.3924688696861267,0.502536952495575,0.34336721897125244,0.4979535937309265,0.39975759387016296,0.4964391589164734,0.39952078461647034,0.5200393199920654,0.38960736989974976,0.5285986661911011,0.3453208804130554,0.5323911905288696,0.3965182900428772,0.5302342176437378,0.3949565291404724,0.5468516945838928,0.38492485880851746,0.5524648427963257,0.3500581383705139,0.5647390484809875,0.391971230506897,0.5618011951446533,0.3922449052333832,0.571030855178833,0.3828575015068054,0.5761780142784119,0.47563591599464417,0.6550858616828918,0.46633291244506836,0.6147236824035645,0.4491407871246338,0.5770407319068909,0.4317578077316284,0.5586381554603577,0.41555243730545044,0.5605403780937195,0.4670436382293701,0.5927038192749023,0.4134628176689148,0.5929081439971924,0.4240497648715973,0.5984686613082886,0.4407860040664673,0.602652370929718,0.46642637252807617,0.6288633942604065,0.40687352418899536,0.6230634450912476,0.42068347334861755,0.6255246996879578,0.43918076157569885,0.6305701732635498,0.4606379568576813,0.660747230052948,0.4055309593677521,0.6515044569969177,0.41855213046073914,0.6535676717758179,0.4365828037261963,0.6571025252342224,0.45114970207214355,0.6888418197631836,0.40906253457069397,0.6774494647979736,0.41940605640411377,0.6771169900894165,0.43557578325271606,0.6813488006591797,0.22576689720153809,0.7137467265129089,0.6178702712059021,0.7592638731002808,0.31250426173210144,0.44262492656707764,0.5853806734085083,0.46409371495246887
2.0,2.0,2.0,2.0,2.0,2.0,2.0,2.0,2.0,2.0,2.0,2.0,2.0,2.0,2.0,2.0,2.0,2.0,2.0,2.0,2.0,2.0,2.0,2.0,2.0,2.0,2.0,2.0,2.0,2.0,2.0,2.0,2.0,2.0,2.0,2.0,2.0,2.0,2.0,2.0,2.0,2.0,0.476484477519989,0.6450732946395874,0.4693923592567444,0.6032072901725769,0.4566361904144287,0.5669264197349548,0.44130295515060425,0.5482017993927002,0.4262584447860718,0.544937252998352,0.4727873206138611,0.5803902745246887,0.4211212992668152,0.5777209997177124,0.4301290810108185,0.5857641696929932,0.44474855065345764,0.5874081254005432,0.47134658694267273,0.6158007383346558,0.41457048058509827,0.6101795434951782,0.426101952791214,0.6134077906608582,0.44126275181770325,0.6163465976715088,0.4653708338737488,0.6479406356811523,0.41179442405700684,0.6380739212036133,0.42274487018585205,0.6404422521591187,0.4381852447986603,0.643592894077301,0.45651423931121826,0.6758511662483215,0.4138849079608917,0.6643402576446533,0.42337754368782043,0.6631725430488586,0.43830999732017517,0.6658356189727783,0.22623486816883087,0.7202429175376892,0.6168340444564819,0.7607735395431519,0.3125736713409424,0.44287624955177307,0.5853763222694397,0.46345654129981995
0.36248263716697693,0.7813814282417297,0.38121071457862854,0.754684567451477,0.40831688046455383,0.7435488700866699,0.4274236857891083,0.7448463439941406,0.43922150135040283,0.753538191318512,0.3792949914932251,0.7441447377204895,0.42658576369285583,0.7851620316505432,0.42177483439445496,0.7810634970664978,0.40668028593063354,0.7675729393959045,0.3663256764411926,0.7784685492515564,0.4195905923843384,0.8170653581619263,0.4147689938545227,0.8095117807388306,0.3973049223423004,0.7960329055786133,0.3602507710456848,0.8114537596702576,0.4092424213886261,0.8443841934204102,0.4042261242866516,0.8354801535606384,0.38847705721855164,0.8242306113243103,0.35950303077697754,0.8393736481666565,0.39702680706977844,0.8600637912750244,0.393619179725647,0.8546551465988159,0.3799261450767517,0.8479740023612976,0.5079431533813477,0.6415163278579712,0.4998936653137207,0.6032092571258545,0.48623353242874146,0.5632085800170898,0.4712965190410614,0.5412845611572266,0.46431562304496765,0.5222318172454834,0.5054380297660828,0.5614144206047058,0.4520491063594818,0.5583600997924805,0.4602566659450531,0.5684601664543152,0.476387083530426,0.5742728114128113,0.5062255263328552,0.5943887233734131,0.446927011013031,0.5889614224433899,0.4589841961860657,0.5958807468414307,0.47636523842811584,0.6004248261451721,0.5011094808578491,0.6267654895782471,0.4460405111312866,0.6183565258979797,0.4585270881652832,0.6240736842155457,0.4761126637458801,0.6280872821807861,0.4914756417274475,0.6578375697135925,0.44882702827453613,0.6437782049179077,0.4587975740432739,0.6455574035644531,0.4750668406486511,0.6508277654647827,0.22653038799762726,0.7189454436302185,0.6235755681991577,0.756659209728241,0.31240934133529663,0.4429239332675934,0.5854056477546692,0.4633616507053375
0.35127145051956177,0.8204737901687622,0.36804234981536865,0.7934041619300842,0.39512115716934204,0.7858932018280029,0.4163575768470764,0.7936388254165649,0.4318961501121521,0.8027070164680481,0.37480682134628296,0.7830305695533752,0.4183400869369507,0.8238541483879089,0.4156382083892822,0.8270807266235352,0.4013317823410034,0.8176717758178711,0.36048704385757446,0.8128319978713989,0.4087674617767334,0.8547975420951843,0.40622323751449585,0.8524523377418518,0.39280739426612854,0.8426236510276794,0.35215187072753906,0.8441703915596008,0.39760082960128784,0.8808000087738037,0.3967733383178711,0.8756266832351685,0.3867156505584717,0.8656813502311707,0.3480983078479767,0.8734206557273865,0.3830361068248749,0.9005154967308044,0.38636067509651184,0.8956790566444397,0.3814941346645355,0.8861896991729736,0.506929337978363,0.6482795476913452,0.4980778992176056,0.6030299067497253,0.4853091537952423,0.5654540061950684,0.4710875153541565,0.540341317653656,0.4623534083366394,0.5202934145927429,0.5090511441230774,0.5550650954246521,0.4571788012981415,0.5507804155349731,0.4597510099411011,0.5710440874099731,0.47403454780578613,0.5773338079452515,0.5087299942970276,0.5896297693252563,0.45098087191581726,0.5840677618980408,0.46006083488464355,0.5991733074188232,0.47561901807785034,0.6033972501754761,0.5038133263587952,0.6247009634971619,0.44835689663887024,0.6164455413818359,0.45890215039253235,0.6278684735298157,0.4758680462837219,0.6315193772315979,0.49717020988464355,0.6578574180603027,0.4517924189567566,0.6460055112838745,0.4600778818130493,0.6519575119018555,0.4763855040073395,0.6559129953384399,0.22709858417510986,0.7191429138183594,0.6283960342407227,0.7552398443222046,0.3114313781261444,0.44328248500823975,0.5855237245559692,0.4625893831253052
0.3207327127456665,0.8545084595680237,0.35775813460350037,0.8342111110687256,0.383809894323349,0.8458382487297058,0.3987289071083069,0.8789282441139221,0.4094274044036865,0.9028582572937012,0.3545641601085663,0.8786209225654602,0.3930005431175232,0.924534797668457,0.39180678129196167,0.9044588208198547,0.37834349274635315,0.8879727721214294,0.3394816517829895,0.9089725613594055,0.38507136702537537,0.9485112428665161,0.38350042700767517,0.9294877052307129,0.3702044188976288,0.914280891418457,0.33031219244003296,0.9339672923088074,0.3754724860191345,0.9694288372993469,0.3734343349933624,0.9520084261894226,0.36033135652542114,0.9372795820236206,0.3264589309692383,0.9519317150115967,0.36341264843940735,0.978842556476593,0.3619532585144043,0.9663841724395752,0.34975868463516235,0.9541609287261963,0.5102052092552185,0.6685878038406372,0.4988879859447479,0.6343865394592285,0.48600175976753235,0.6040895581245422,0.4733732044696808,0.5875458121299744,0.4607498347759247,0.5843644738197327,0.5120227932929993,0.6025148630142212,0.47162893414497375,0.6067403554916382,0.4636662006378174,0.6210200786590576,0.4680027961730957,0.6228263974189758,0.5138770341873169,0.629862904548645,0.4662502408027649,0.6353470087051392,0.46258047223091125,0.6480572819709778,0.47042691707611084,0.6512596607208252,0.5111859440803528,0.6564273834228516,0.46614494919776917,0.6611074209213257,0.46334725618362427,0.6727347373962402,0.4713267683982849,0.6749493479728699,0.5068744421005249,0.6808295249938965,0.47161728143692017,0.6826178431510925,0.46772637963294983,0.6888055801391602,0.4730866849422455,0.6882086992263794,0.2287478893995285,0.7191899418830872,0.6367620825767517,0.7442652583122253,0.30875667929649353,0.44792911410331726,0.5857880115509033,0.463252454996109
0.3192277252674103,0.8659828901290894,0.35749560594558716,0.8483462333679199,0.3820609450340271,0.8668104410171509,0.3940674662590027,0.9060863256454468,0.4053613543510437,0.9308118224143982,0.3506278991699219,0.900958240032196,0.38458287715911865,0.9528898000717163,0.38877856731414795,0.9330559968948364,0.3785797953605652,0.9139321446418762,0.3338042199611664,0.9299365878105164,0.3762436509132385,0.9742192625999451,0.37964510917663574,0.9533095359802246,0.36820879578590393,0.9371113181114197,0.32264843583106995,0.9511621594429016,0.3636106550693512,0.9880967140197754,0.3656589388847351,0.9699077606201172,0.3549667298793793,0.9556593894958496,0.316943496465683,0.9650249481201172,0.34890982508659363,0.9913703203201294,0.34986281394958496,0.9782118201255798,0.3397529125213623,0.9666814804077148,2.0,2.0,2.0,2.0,2.0,2.0,2.0,2.0,2.0,2.0,2.0,2.0,2.0,2.0,2.0,2.0,2.0,2.0,2.0,2.0,2.0,2.0,2.0,2.0,2.0,2.0,2.0,2.0,2.0,2.0,2.0,2.0,2.0,2.0,2.0,2.0,2.0,2.0,2.0,2.0,2.0,2.0,0.234116792678833,0.7187250852584839,0.6422806978225708,0.7404541373252869,0.3081977069377899,0.44900375604629517,0.5861920714378357,0.46357807517051697
2.0,2.0,2.0,2.0,2.0,2.0,2.0,2.0,2.0,2.0,2.0,2.0,2.0,2.0,2.0,2.0,2.0,2.0,2.0,2.0,2.0,2.0,2.0,2.0,2.0,2.0,2.0,2.0,2.0,2.0,2.0,2.0,2.0,2.0,2.0,2.0,2.0,2.0,2.0,2.0,2.0,2.0,0.5326342582702637,0.8633908033370972,0.4944368600845337,0.8414632081985474,0.46173104643821716,0.856536328792572,0.4438156187534332,0.8939619064331055,0.43417367339134216,0.928869366645813,0.4960133135318756,0.9119582176208496,0.4480491876602173,0.944235622882843,0.45072808861732483,0.9177378416061401,0.4657825231552124,0.9021021723747253,0.5103756785392761,0.9416613578796387,0.4600328505039215,0.9688101410865784,0.4615482985973358,0.9444184303283691,0.47687429189682007,0.9305237531661987,0.517449676990509,0.9619894623756409,0.47265228629112244,0.9849971532821655,0.47333329916000366,0.9636402726173401,0.48753437399864197,0.9516483545303345,0.5200784802436829,0.975652277469635,0.4850051701068878,0.9925568699836731,0.48472100496292114,0.9754798412322998,0.49605244398117065,0.9649869799613953,0.23913288116455078,0.7447295784950256,0.6409660577774048,0.737552285194397,0.30605053901672363,0.45001670718193054,0.5862467885017395,0.46362799406051636
2.0,2.0,2.0,2.0,2.0,2.0,2.0,2.0,2.0,2.0,2.0,2.0,2.0,2.0,2.0,2.0,2.0,2.0,2.0,2.0,2.0,2.0,2.0,2.0,2.0,2.0,2.0,2.0,2.0,2.0,2.0,2.0,2.0,2.0,2.0,2.0,2.0,2.0,2.0,2.0,2.0,2.0,2.0,2.0,2.0,2.0,2.0,2.0,2.0,2.0,2.0,2.0,2.0,2.0,2.0,2.0,2.0,2.0,2.0,2.0,2.0,2.0,2.0,2.0,2.0,2.0,2.0,2.0,2.0,2.0,2.0,2.0,2.0,2.0,2.0,2.0,2.0,2.0,2.0,2.0,2.0,2.0,2.0,2.0,0.2393023669719696,0.7484974265098572,0.640608549118042,0.738002598285675,0.30418336391448975,0.4503759741783142,0.5862545371055603,0.4642709791660309
2.0,2.0,2.0,2.0,2.0,2.0,2.0,2.0,2.0,2.0,2.0,2.0,2.0,2.0,2.0,2.0,2.0,2.0,2.0,2.0,2.0,2.0,2.0,2.0,2.0,2.0,2.0,2.0,2.0,2.0,2.0,2.0,2.0,2.0,2.0,2.0,2.0,2.0,2.0,2.0,2.0,2.0,2.0,2.0,2.0,2.0,2.0,2.0,2.0,2.0,2.0,2.0,2.0,2.0,2.0,2.0,2.0,2.0,2.0,2.0,2.0,2.0,2.0,2.0,2.0,2.0,2.0,2.0,2.0,2.0,2.0,2.0,2.0,2.0,2.0,2.0,2.0,2.0,2.0,2.0,2.0,2.0,2.0,2.0,0.2510775327682495,0.7460744976997375,0.6308382749557495,0.7382603287696838,0.30399003624916077,0.4534997045993805,0.5862529277801514,0.4691963791847229
2.0,2.0,2.0,2.0,2.0,2.0,2.0,2.0,2.0,2.0,2.0,2.0,2.0,2.0,2.0,2.0,2.0,2.0,2.0,2.0,2.0,2.0,2.0,2.0,2.0,2.0,2.0,2.0,2.0,2.0,2.0,2.0,2.0,2.0,2.0,2.0,2.0,2.0,2.0,2.0,2.0,2.0,2.0,2.0,2.0,2.0,2.0,2.0,2.0,2.0,2.0,2.0,2.0,2.0,2.0,2.0,2.0,2.0,2.0,2.0,2.0,2.0,2.0,2.0,2.0,2.0,2.0,2.0,2.0,2.0,2.0,2.0,2.0,2.0,2.0,2.0,2.0,2.0,2.0,2.0,2.0,2.0,2.0,2.0,0.25689664483070374,0.7451788187026978,0.6238918304443359,0.7391491532325745,0.3035943806171417,0.45613184571266174,0.5863808989524841,0.4724462330341339
2.0,2.0,2.0,2.0,2.0,2.0,2.0,2.0,2.0,2.0,2.0,2.0,2.0,2.0,2.0,2.0,2.0,2.0,2.0,2.0,2.0,2.0,2.0,2.0,2.0,2.0,2.0,2.0,2.0,2.0,2.0,2.0,2.0,2.0,2.0,2.0,2.0,2.0,2.0,2.0,2.0,2.0,2.0,2.0,2.0,2.0,2.0,2.0,2.0,2.0,2.0,2.0,2.0,2.0,2.0,2.0,2.0,2.0,2.0,2.0,2.0,2.0,2.0,2.0,2.0,2.0,2.0,2.0,2.0,2.0,2.0,2.0,2.0,2.0,2.0,2.0,2.0,2.0,2.0,2.0,2.0,2.0,2.0,2.0,0.2605248987674713,0.7443405389785767,0.6218680739402771,0.7360512018203735,0.3026321828365326,0.4579012989997864,0.5857273936271667,0.4725114703178406
2.0,2.0,2.0,2.0,2.0,2.0,2.0,2.0,2.0,2.0,2.0,2.0,2.0,2.0,2.0,2.0,2.0,2.0,2.0,2.0,2.0,2.0,2.0,2.0,2.0,2.0,2.0,2.0,2.0,2.0,2.0,2.0,2.0,2.0,2.0,2.0,2.0,2.0,2.0,2.0,2.0,2.0,2.0,2.0,2.0,2.0,2.0,2.0,2.0,2.0,2.0,2.0,2.0,2.0,2.0,2.0,2.0,2.0,2.0,2.0,2.0,2.0,2.0,2.0,2.0,2.0,2.0,2.0,2.0,2.0,2.0,2.0,2.0,2.0,2.0,2.0,2.0,2.0,2.0,2.0,2.0,2.0,2.0,2.0,0.2622806429862976,0.7447535991668701,0.6186884641647339,0.7321644425392151,0.30215150117874146,0.45944246649742126,0.5852106213569641,0.4726189374923706
2.0,2.0,2.0,2.0,2.0,2.0,2.0,2.0,2.0,2.0,2.0,2.0,2.0,2.0,2.0,2.0,2.0,2.0,2.0,2.0,2.0,2.0,2.0,2.0,2.0,2.0,2.0,2.0,2.0,2.0,2.0,2.0,2.0,2.0,2.0,2.0,2.0,2.0,2.0,2.0,2.0,2.0,2.0,2.0,2.0,2.0,2.0,2.0,2.0,2.0,2.0,2.0,2.0,2.0,2.0,2.0,2.0,2.0,2.0,2.0,2.0,2.0,2.0,2.0,2.0,2.0,2.0,2.0,2.0,2.0,2.0,2.0,2.0,2.0,2.0,2.0,2.0,2.0,2.0,2.0,2.0,2.0,2.0,2.0,0.26312658190727234,0.7450473308563232,0.6185094118118286,0.731256902217865,0.30216485261917114,0.45955902338027954,0.58517986536026,0.47297051548957825
2.0,2.0,2.0,2.0,2.0,2.0,2.0,2.0,2.0,2.0,2.0,2.0,2.0,2.0,2.0,2.0,2.0,2.0,2.0,2.0,2.0,2.0,2.0,2.0,2.0,2.0,2.0,2.0,2.0,2.0,2.0,2.0,2.0,2.0,2.0,2.0,2.0,2.0,2.0,2.0,2.0,2.0,2.0,2.0,2.0,2.0,2.0,2.0,2.0,2.0,2.0,2.0,2.0,2.0,2.0,2.0,2.0,2.0,2.0,2.0,2.0,2.0,2.0,2.0,2.0,2.0,2.0,2.0,2.0,2.0,2.0,2.0,2.0,2.0,2.0,2.0,2.0,2.0,2.0,2.0,2.0,2.0,2.0,2.0,0.2633472681045532,0.7449621558189392,0.6181880235671997,0.7305233478546143,0.30218857526779175,0.45962807536125183,0.5850471258163452,0.47375616431236267
2.0,2.0,2.0,2.0,2.0,2.0,2.0,2.0,2.0,2.0,2.0,2.0,2.0,2.0,2.0,2.0,2.0,2.0,2.0,2.0,2.0,2.0,2.0,2.0,2.0,2.0,2.0,2.0,2.0,2.0,2.0,2.0,2.0,2.0,2.0,2.0,2.0,2.0,2.0,2.0,2.0,2.0,2.0,2.0,2.0,2.0,2.0,2.0,2.0,2.0,2.0,2.0,2.0,2.0,2.0,2.0,2.0,2.0,2.0,2.0,2.0,2.0,2.0,2.0,2.0,2.0,2.0,2.0,2.0,2.0,2.0,2.0,2.0,2.0,2.0,2.0,2.0,2.0,2.0,2.0,2.0,2.0,2.0,2.0,0.2627856433391571,0.7453746199607849,0.6172221899032593,0.7336918711662292,0.3022140562534332,0.4602590799331665,0.585204005241394,0.4749813973903656
2.0,2.0,2.0,2.0,2.0,2.0,2.0,2.0,2.0,2.0,2.0,2.0,2.0,2.0,2.0,2.0,2.0,2.0,2.0,2.0,2.0,2.0,2.0,2.0,2.0,2.0,2.0,2.0,2.0,2.0,2.0,2.0,2.0,2.0,2.0,2.0,2.0,2.0,2.0,2.0,2.0,2.0,2.0,2.0,2.0,2.0,2.0,2.0,2.0,2.0,2.0,2.0,2.0,2.0,2.0,2.0,2.0,2.0,2.0,2.0,2.0,2.0,2.0,2.0,2.0,2.0,2.0,2.0,2.0,2.0,2.0,2.0,2.0,2.0,2.0,2.0,2.0,2.0,2.0,2.0,2.0,2.0,2.0,2.0,0.26220256090164185,0.745674729347229,0.6169072389602661,0.7375023365020752,0.30222976207733154,0.46012529730796814,0.5852024555206299,0.47572287917137146
